{
  "meta": {
    "id": "gold-financebench_id_01226"
  },
  "response": {
    "faithfulness": 0.36363636363636365,
    "answer_relevancy": 0.8366887785963192,
    "context_precision": 0.99999999995,
    "context_recall": 0.3333333333333333,
    "context_entity_recall": 0.0,
    "noise_sensitivity": null
  }
}