{
  "meta": {
    "id": "gold-financebench_id_00941"
  },
  "response": {
    "faithfulness": 0.3333333333333333,
    "answer_relevancy": 0.9636079202642526,
    "context_precision": 0.9999999999,
    "context_recall": 1.0,
    "context_entity_recall": 0.12499999984374999,
    "noise_sensitivity": null
  }
}